{"name":"Mandla Agent","short_name":"Agent App","start_url":"/votes/","scope":"/votes/","display":"fullscreen","background_color":"#fff","theme_color":"#ff0000","icons":[{"src":"/votes/static/img/icons-48.png","type":"image/png","sizes":"48x48"},{"src":"/votes/static/img/icons-72.png","type":"image/png","sizes":"72x72"},{"src":"/votes/static/img/icons-96.png","type":"image/png","sizes":"96x96"},{"src":"/votes/static/img/icons-192.png","type":"image/png","sizes":"192x192"},{"src":"/votes/static/img/icons-512.png","type":"image/png","sizes":"512x512"}],"description":"This is for the 23 August election agents.","dir":"ltr","lang":"en","orientation":"portrait","display_override":["window-controls-overlay"],"prefer_related_applications":false,"shortcuts":[{"name":"login","url":"https://www.mandla.org/votes/","description":"Login"}],"categories":["government","news","politics","productivity"],"edge_side_panel":{"preferred_width":4}}